sku,title,category,cost,price,segment,style,color,size,release_date
SKU00001,Men top - crop - navy - M,tops,10.66,32.23,men,crop,navy,M,2025-08-08
SKU00002,Women bottom - leggings - navy - XS,bottoms,23.77,49.45,women,leggings,navy,XS,2025-07-25
SKU00003,Kids bottom - pants - black - 6,bottoms,27.86,111.54,kids,pants,black,6,2025-09-11
SKU00004,Women seasonal - collab_bottom - white - XS,seasonal,39.83,97.69,women,collab_bottom,white,XS,2025-09-13
SKU00005,Kids intimate - bra - white - L,intimates,27.79,58.64,kids,bra,white,L,2025-08-31
SKU00006,Men loungewear - sweatshirt - olive - M,loungewear,62.26,158.08,men,sweatshirt,olive,M,2025-08-29
SKU00007,Women loungewear - robe - sand - S,loungewear,38.18,76.19,women,robe,sand,S,2025-07-21
SKU00008,Men loungewear - lounge_pants - navy - XXL,loungewear,21.2,51.24,men,lounge_pants,navy,XXL,2025-07-27
SKU00009,Men top - crop - navy - S,tops,19.64,101.82,men,crop,navy,S,2025-10-08
SKU00010,Women seasonal - limited_set - navy - M,seasonal,59.94,143.15,women,limited_set,navy,M,2025-08-19
SKU00011,Women top - crewneck - olive - XL,tops,25.84,94.2,women,crewneck,olive,XL,2025-08-31
SKU00012,Women seasonal - limited_set - white - L,seasonal,27.99,159.7,women,limited_set,white,L,2025-09-26
SKU00013,Kids bottom - leggings - blush - 8,bottoms,19.82,92.31,kids,leggings,blush,8,2025-08-07
SKU00014,Unisex top - tee - cobalt - XXL,tops,17.57,94.59,unisex,tee,cobalt,XXL,2025-09-09
SKU00015,Men bottom - shorts - heather_gray - XXL,bottoms,27.19,81.91,men,shorts,heather_gray,XXL,2025-07-27
SKU00016,Men top - crop - cobalt - M,tops,37.23,115.26,men,crop,cobalt,M,2025-08-01
SKU00017,Women top - crop - navy - M,tops,13.47,23.91,women,crop,navy,M,2025-10-06
SKU00018,Kids intimate - bralette - charcoal - S,intimates,16.48,53.27,kids,bralette,charcoal,S,2025-07-31
SKU00019,Men top - crewneck - olive - M,tops,18.7,58.7,men,crewneck,olive,M,2025-08-11
SKU00020,Men top - tee - black - L,tops,13.49,78.01,men,tee,black,L,2025-10-07
SKU00021,Kids top - tee - sand - 2T,tops,9.37,25.23,kids,tee,sand,2T,2025-09-19
SKU00022,Men intimate - shapewear - maroon - M,intimates,11.1,76.52,men,shapewear,maroon,M,2025-08-22
SKU00023,Women bottom - leggings - black - XS,bottoms,27.93,69.51,women,leggings,black,XS,2025-09-15
SKU00024,Women bottom - joggers - heather_gray - L,bottoms,20.57,54.87,women,joggers,heather_gray,L,2025-08-21
SKU00025,Kids intimate - bra - charcoal - XS,intimates,39.01,89.95,kids,bra,charcoal,XS,2025-09-16
SKU00026,Women bottom - joggers - black - L,bottoms,12.46,41.43,women,joggers,black,L,2025-08-19
SKU00027,Women loungewear - set - navy - S,loungewear,40.5,68.57,women,set,navy,S,2025-08-08
SKU00028,Women bottom - leggings - maroon - XL,bottoms,15.4,81.34,women,leggings,maroon,XL,2025-08-12
SKU00029,Women top - crewneck - charcoal - XS,tops,38.01,105.91,women,crewneck,charcoal,XS,2025-08-05
SKU00030,Women loungewear - sweatshirt - charcoal - L,loungewear,48.37,105.88,women,sweatshirt,charcoal,L,2025-09-20
SKU00031,Men bottom - shorts - heather_gray - XL,bottoms,22.86,101.26,men,shorts,heather_gray,XL,2025-10-07
SKU00032,Women loungewear - sweatshirt - cobalt - XS,loungewear,21.9,57.71,women,sweatshirt,cobalt,XS,2025-10-08
SKU00033,Unisex bottom - joggers - cobalt - L,bottoms,50.78,105.02,unisex,joggers,cobalt,L,2025-07-25
SKU00034,Men loungewear - robe - heather_gray - S,loungewear,36.5,64.38,men,robe,heather_gray,S,2025-09-27
SKU00035,Women loungewear - robe - charcoal - S,loungewear,40.33,112.45,women,robe,charcoal,S,2025-10-10
SKU00036,Women bottom - shorts - black - XS,bottoms,20.82,61.36,women,shorts,black,XS,2025-09-26
SKU00037,Kids loungewear - set - white - XS,loungewear,22.47,39.78,kids,set,white,XS,2025-08-08
SKU00038,Women bottom - joggers - heather_gray - L,bottoms,11.03,26.94,women,joggers,heather_gray,L,2025-10-11
SKU00039,Unisex top - tank - white - XXL,tops,25.31,54.08,unisex,tank,white,XXL,2025-07-29
SKU00040,Kids accessorie - headband - heather_gray - OS,accessories,15.52,53.83,kids,headband,heather_gray,OS,2025-09-04
SKU00041,Kids bottom - joggers - heather_gray - 6,bottoms,38.2,114.91,kids,joggers,heather_gray,6,2025-08-17
SKU00042,Women intimate - shapewear - olive - M,intimates,15.13,77.44,women,shapewear,olive,M,2025-07-24
SKU00043,Women bottom - leggings - sand - M,bottoms,41.02,97.69,women,leggings,sand,M,2025-08-09
SKU00044,Women top - crop - sage - S,tops,9.69,116.18,women,crop,sage,S,2025-08-22
SKU00045,Women intimate - shapewear - cobalt - XL,intimates,14.08,28.1,women,shapewear,cobalt,XL,2025-10-11
SKU00046,Kids top - crewneck - sand - 5,tops,36.24,61.99,kids,crewneck,sand,5,2025-07-29
SKU00047,Women intimate - underwear - olive - XL,intimates,26.53,66.68,women,underwear,olive,XL,2025-08-07
SKU00048,Women bottom - pants - sage - S,bottoms,37.61,89.15,women,pants,sage,S,2025-09-08
SKU00049,Women bottom - shorts - maroon - L,bottoms,27.01,74.17,women,shorts,maroon,L,2025-09-25
SKU00050,Men bottom - shorts - navy - S,bottoms,17.36,101.39,men,shorts,navy,S,2025-10-13
SKU00051,Women seasonal - limited_set - maroon - XS,seasonal,31.53,103.38,women,limited_set,maroon,XS,2025-07-19
SKU00052,Men bottom - joggers - white - S,bottoms,41.63,113.85,men,joggers,white,S,2025-07-19
SKU00053,Men top - tank - maroon - S,tops,13.88,31.6,men,tank,maroon,S,2025-08-06
SKU00054,Men seasonal - collab_bottom - cobalt - XXL,seasonal,52.9,105.41,men,collab_bottom,cobalt,XXL,2025-09-26
SKU00055,Kids bottom - shorts - charcoal - 5,bottoms,29.18,54.72,kids,shorts,charcoal,5,2025-09-16
SKU00056,Women top - crop - olive - S,tops,8.74,52.26,women,crop,olive,S,2025-09-27
SKU00057,Women loungewear - lounge_pants - blush - XS,loungewear,36.11,82.99,women,lounge_pants,blush,XS,2025-09-20
SKU00058,Kids bottom - leggings - maroon - 8,bottoms,9.21,22.7,kids,leggings,maroon,8,2025-08-24
SKU00059,Men intimate - bralette - navy - XL,intimates,17.43,39.11,men,bralette,navy,XL,2025-07-23
SKU00060,Men bottom - joggers - heather_gray - XL,bottoms,50.63,137.73,men,joggers,heather_gray,XL,2025-08-02
SKU00061,Men top - hoodie - maroon - M,tops,13.81,36.54,men,hoodie,maroon,M,2025-08-19
SKU00062,Women intimate - shapewear - blush - M,intimates,8.62,37.66,women,shapewear,blush,M,2025-08-08
SKU00063,Women seasonal - collab_top - charcoal - XS,seasonal,12.88,41.64,women,collab_top,charcoal,XS,2025-10-14
SKU00064,Men top - hoodie - sage - S,tops,14.71,114.67,men,hoodie,sage,S,2025-08-30
SKU00065,Women loungewear - sweatshirt - olive - S,loungewear,13.55,44.05,women,sweatshirt,olive,S,2025-07-22
SKU00066,Unisex bottom - joggers - sage - XS,bottoms,12.79,103.49,unisex,joggers,sage,XS,2025-09-08
SKU00067,Unisex loungewear - sweatshirt - black - XL,loungewear,32.2,75.14,unisex,sweatshirt,black,XL,2025-08-13
SKU00068,Men top - hoodie - white - XL,tops,25.43,62.22,men,hoodie,white,XL,2025-08-19
SKU00069,Kids bottom - shorts - maroon - 12,bottoms,35.85,76.86,kids,shorts,maroon,12,2025-09-05
SKU00070,Unisex intimate - bra - maroon - M,intimates,16.29,37.07,unisex,bra,maroon,M,2025-08-29
SKU00071,Women bottom - shorts - maroon - S,bottoms,24.0,47.03,women,shorts,maroon,S,2025-08-01
SKU00072,Kids top - tee - navy - 12,tops,13.79,26.73,kids,tee,navy,12,2025-09-16
SKU00073,Men loungewear - set - black - XL,loungewear,15.43,42.1,men,set,black,XL,2025-09-07
SKU00074,Men bottom - shorts - cobalt - XL,bottoms,20.73,61.03,men,shorts,cobalt,XL,2025-09-14
SKU00075,Women intimate - underwear - cobalt - XS,intimates,14.13,86.56,women,underwear,cobalt,XS,2025-08-16
SKU00076,Women loungewear - robe - navy - XS,loungewear,27.97,68.51,women,robe,navy,XS,2025-07-18
SKU00077,Men top - tee - olive - XXL,tops,30.12,89.14,men,tee,olive,XXL,2025-08-15
SKU00078,Women top - crop - maroon - L,tops,7.75,62.93,women,crop,maroon,L,2025-08-16
SKU00079,Women top - hoodie - sage - XS,tops,11.07,82.2,women,hoodie,sage,XS,2025-08-05
SKU00080,Unisex top - tank - cobalt - XS,tops,32.89,95.97,unisex,tank,cobalt,XS,2025-09-18
SKU00081,Kids bottom - pants - sage - 6,bottoms,37.19,138.82,kids,pants,sage,6,2025-07-30
SKU00082,Unisex top - tank - navy - XXL,tops,14.16,44.99,unisex,tank,navy,XXL,2025-08-07
SKU00083,Women top - hoodie - maroon - XL,tops,17.63,47.71,women,hoodie,maroon,XL,2025-07-19
SKU00084,Unisex top - tank - charcoal - M,tops,12.73,78.16,unisex,tank,charcoal,M,2025-10-02
SKU00085,Men loungewear - robe - white - M,loungewear,20.3,37.75,men,robe,white,M,2025-08-05
SKU00086,Unisex bottom - pants - olive - XXL,bottoms,31.52,104.57,unisex,pants,olive,XXL,2025-08-14
SKU00087,Men loungewear - set - sage - L,loungewear,20.48,62.55,men,set,sage,L,2025-08-04
SKU00088,Men top - crop - black - XXL,tops,23.64,95.84,men,crop,black,XXL,2025-08-21
SKU00089,Unisex top - crewneck - charcoal - L,tops,21.98,101.05,unisex,crewneck,charcoal,L,2025-08-25
SKU00090,Women loungewear - lounge_pants - blush - M,loungewear,46.45,120.18,women,lounge_pants,blush,M,2025-08-07
SKU00091,Women top - crop - white - M,tops,23.5,116.96,women,crop,white,M,2025-10-16
SKU00092,Men loungewear - set - navy - S,loungewear,40.91,97.4,men,set,navy,S,2025-08-21
SKU00093,Kids top - crewneck - olive - 4T,tops,10.13,62.69,kids,crewneck,olive,4T,2025-07-28
SKU00094,Men top - tank - cobalt - L,tops,8.19,19.39,men,tank,cobalt,L,2025-10-02
SKU00095,Men top - tank - olive - XL,tops,26.7,69.9,men,tank,olive,XL,2025-08-17
SKU00096,Women loungewear - set - sage - S,loungewear,54.16,96.07,women,set,sage,S,2025-09-11
SKU00097,Kids intimate - underwear - black - M,intimates,15.5,39.8,kids,underwear,black,M,2025-07-24
SKU00098,Men top - crewneck - sand - XL,tops,18.83,51.91,men,crewneck,sand,XL,2025-09-05
SKU00099,Unisex seasonal - collab_top - blush - XL,seasonal,18.71,73.54,unisex,collab_top,blush,XL,2025-08-17
SKU00100,Kids intimate - shapewear - maroon - S,intimates,29.58,87.54,kids,shapewear,maroon,S,2025-09-04
SKU00101,Unisex accessorie - cap - cobalt - OS,accessories,5.45,55.34,unisex,cap,cobalt,OS,2025-07-25
SKU00102,Unisex top - crop - sage - M,tops,34.96,88.66,unisex,crop,sage,M,2025-07-22
SKU00103,Unisex bottom - shorts - maroon - XXL,bottoms,11.22,124.94,unisex,shorts,maroon,XXL,2025-07-28
SKU00104,Men bottom - joggers - blush - S,bottoms,41.08,137.44,men,joggers,blush,S,2025-10-04
SKU00105,Men loungewear - sweatshirt - sand - S,loungewear,33.74,133.5,men,sweatshirt,sand,S,2025-09-28
SKU00106,Women bottom - joggers - heather_gray - S,bottoms,17.58,31.32,women,joggers,heather_gray,S,2025-09-16
SKU00107,Men loungewear - lounge_pants - charcoal - XL,loungewear,12.55,63.02,men,lounge_pants,charcoal,XL,2025-08-18
SKU00108,Unisex loungewear - lounge_pants - maroon - XS,loungewear,29.35,152.88,unisex,lounge_pants,maroon,XS,2025-08-23
SKU00109,Men bottom - shorts - blush - M,bottoms,25.92,122.69,men,shorts,blush,M,2025-09-01
SKU00110,Men seasonal - collab_bottom - charcoal - S,seasonal,30.34,100.31,men,collab_bottom,charcoal,S,2025-10-10
SKU00111,Unisex intimate - underwear - sage - S,intimates,14.08,76.14,unisex,underwear,sage,S,2025-09-14
SKU00112,Men intimate - bralette - charcoal - S,intimates,22.11,65.24,men,bralette,charcoal,S,2025-08-03
SKU00113,Women top - crop - blush - M,tops,12.2,35.92,women,crop,blush,M,2025-08-31
SKU00114,Men accessorie - headband - maroon - OS,accessories,17.8,58.3,men,headband,maroon,OS,2025-10-02
SKU00115,Men top - tank - cobalt - XL,tops,6.47,55.31,men,tank,cobalt,XL,2025-08-09
SKU00116,Women bottom - shorts - blush - XL,bottoms,13.09,119.05,women,shorts,blush,XL,2025-09-17
SKU00117,Men loungewear - robe - navy - XXL,loungewear,38.93,114.19,men,robe,navy,XXL,2025-07-19
SKU00118,Women bottom - joggers - black - XS,bottoms,12.57,57.92,women,joggers,black,XS,2025-08-09
SKU00119,Women bottom - pants - heather_gray - XL,bottoms,47.18,126.48,women,pants,heather_gray,XL,2025-07-30
SKU00120,Men seasonal - collab_top - navy - L,seasonal,63.29,108.16,men,collab_top,navy,L,2025-10-04
SKU00121,Unisex bottom - shorts - blush - XS,bottoms,32.21,54.55,unisex,shorts,blush,XS,2025-08-19
SKU00122,Women top - crewneck - black - XS,tops,10.28,98.25,women,crewneck,black,XS,2025-08-05
SKU00123,Women intimate - bralette - navy - XL,intimates,28.45,76.91,women,bralette,navy,XL,2025-08-01
SKU00124,Women intimate - bralette - cobalt - S,intimates,13.23,37.55,women,bralette,cobalt,S,2025-10-13
SKU00125,Women bottom - joggers - sand - XL,bottoms,9.06,23.86,women,joggers,sand,XL,2025-08-24
SKU00126,Men intimate - shapewear - sand - XL,intimates,18.61,55.93,men,shapewear,sand,XL,2025-07-30
SKU00127,Women intimate - underwear - charcoal - L,intimates,23.33,87.48,women,underwear,charcoal,L,2025-08-26
SKU00128,Men top - hoodie - white - S,tops,10.29,50.86,men,hoodie,white,S,2025-07-29
SKU00129,Men loungewear - robe - sage - XL,loungewear,43.16,98.97,men,robe,sage,XL,2025-10-04
SKU00130,Kids top - crewneck - blush - 5,tops,17.52,64.06,kids,crewneck,blush,5,2025-08-19
SKU00131,Men intimate - underwear - sand - XL,intimates,12.88,66.56,men,underwear,sand,XL,2025-08-17
SKU00132,Women intimate - bra - white - L,intimates,12.16,72.12,women,bra,white,L,2025-10-09
SKU00133,Men loungewear - robe - blush - S,loungewear,37.95,75.97,men,robe,blush,S,2025-10-10
SKU00134,Unisex loungewear - robe - sage - XS,loungewear,33.24,95.96,unisex,robe,sage,XS,2025-10-03
SKU00135,Women loungewear - sweatshirt - sage - M,loungewear,25.47,59.4,women,sweatshirt,sage,M,2025-07-29
SKU00136,Men loungewear - sweatshirt - charcoal - XXL,loungewear,22.46,137.83,men,sweatshirt,charcoal,XXL,2025-07-19
SKU00137,Kids accessorie - bag - heather_gray - OS,accessories,9.81,53.23,kids,bag,heather_gray,OS,2025-09-28
SKU00138,Kids seasonal - collab_top - blush - S,seasonal,41.94,104.27,kids,collab_top,blush,S,2025-09-05
SKU00139,Kids loungewear - sweatshirt - heather_gray - XS,loungewear,24.49,50.46,kids,sweatshirt,heather_gray,XS,2025-09-12
SKU00140,Men bottom - pants - olive - XL,bottoms,21.52,47.44,men,pants,olive,XL,2025-10-02
SKU00141,Women loungewear - set - charcoal - XL,loungewear,25.66,70.09,women,set,charcoal,XL,2025-10-09
SKU00142,Women bottom - joggers - olive - S,bottoms,18.87,56.15,women,joggers,olive,S,2025-08-22
SKU00143,Women bottom - joggers - cobalt - XL,bottoms,11.39,120.34,women,joggers,cobalt,XL,2025-10-11
SKU00144,Men bottom - leggings - sage - L,bottoms,30.61,72.66,men,leggings,sage,L,2025-09-09
SKU00145,Women top - crop - sage - S,tops,18.3,64.93,women,crop,sage,S,2025-08-22
SKU00146,Kids top - crewneck - cobalt - 8,tops,14.6,26.02,kids,crewneck,cobalt,8,2025-09-18
SKU00147,Women top - crewneck - cobalt - XS,tops,17.88,70.02,women,crewneck,cobalt,XS,2025-07-26
SKU00148,Kids top - tank - navy - 6,tops,12.35,35.7,kids,tank,navy,6,2025-10-07
SKU00149,Women intimate - shapewear - sage - L,intimates,31.81,73.19,women,shapewear,sage,L,2025-08-05
SKU00150,Men seasonal - collab_bottom - heather_gray - L,seasonal,47.4,107.56,men,collab_bottom,heather_gray,L,2025-09-11
SKU00151,Men bottom - leggings - maroon - L,bottoms,23.88,75.33,men,leggings,maroon,L,2025-10-07
SKU00152,Men seasonal - collab_top - sage - XXL,seasonal,52.07,118.67,men,collab_top,sage,XXL,2025-10-11
SKU00153,Men intimate - bralette - sage - L,intimates,9.98,53.29,men,bralette,sage,L,2025-10-03
SKU00154,Kids intimate - bra - black - S,intimates,16.11,37.34,kids,bra,black,S,2025-08-11
SKU00155,Men bottom - shorts - blush - XL,bottoms,10.46,113.39,men,shorts,blush,XL,2025-07-28
SKU00156,Men top - tee - charcoal - XXL,tops,21.57,57.43,men,tee,charcoal,XXL,2025-07-31
SKU00157,Unisex bottom - joggers - olive - M,bottoms,26.42,136.19,unisex,joggers,olive,M,2025-08-01
SKU00158,Kids top - crewneck - charcoal - 8,tops,28.78,98.75,kids,crewneck,charcoal,8,2025-07-21
SKU00159,Unisex top - hoodie - sand - XL,tops,7.8,19.86,unisex,hoodie,sand,XL,2025-09-03
SKU00160,Unisex bottom - joggers - heather_gray - S,bottoms,12.75,31.11,unisex,joggers,heather_gray,S,2025-08-08
SKU00161,Kids accessorie - socks - sage - OS,accessories,5.76,14.81,kids,socks,sage,OS,2025-07-20
SKU00162,Kids intimate - bralette - black - L,intimates,15.6,48.76,kids,bralette,black,L,2025-08-21
SKU00163,Men intimate - shapewear - cobalt - M,intimates,21.66,36.74,men,shapewear,cobalt,M,2025-09-22
SKU00164,Women seasonal - collab_bottom - olive - L,seasonal,50.59,163.39,women,collab_bottom,olive,L,2025-09-26
SKU00165,Kids intimate - bralette - black - M,intimates,25.75,64.88,kids,bralette,black,M,2025-10-03
SKU00166,Kids bottom - leggings - white - 6,bottoms,42.78,112.05,kids,leggings,white,6,2025-09-28
SKU00167,Kids top - tank - sand - 10,tops,19.48,112.91,kids,tank,sand,10,2025-08-30
SKU00168,Women seasonal - collab_bottom - black - S,seasonal,28.88,87.58,women,collab_bottom,black,S,2025-09-04
SKU00169,Kids top - crop - heather_gray - 10,tops,26.92,95.4,kids,crop,heather_gray,10,2025-10-06
SKU00170,Women top - tank - sage - XL,tops,15.8,71.83,women,tank,sage,XL,2025-09-08
SKU00171,Women top - crewneck - white - L,tops,16.75,29.31,women,crewneck,white,L,2025-10-14
SKU00172,Men loungewear - lounge_pants - blush - L,loungewear,12.26,30.2,men,lounge_pants,blush,L,2025-09-23
SKU00173,Men top - crop - cobalt - S,tops,23.26,73.5,men,crop,cobalt,S,2025-10-14
SKU00174,Men bottom - pants - olive - L,bottoms,11.18,110.18,men,pants,olive,L,2025-09-16
SKU00175,Kids loungewear - robe - black - S,loungewear,30.44,75.8,kids,robe,black,S,2025-07-21
SKU00176,Men loungewear - lounge_pants - white - M,loungewear,14.15,123.09,men,lounge_pants,white,M,2025-09-21
SKU00177,Women top - tee - olive - M,tops,24.46,70.57,women,tee,olive,M,2025-09-14
SKU00178,Women loungewear - robe - black - M,loungewear,19.22,142.55,women,robe,black,M,2025-08-30
SKU00179,Men bottom - pants - sand - XL,bottoms,31.38,136.9,men,pants,sand,XL,2025-08-11
SKU00180,Women top - hoodie - blush - XS,tops,24.55,79.45,women,hoodie,blush,XS,2025-09-05
SKU00181,Women bottom - shorts - maroon - M,bottoms,39.84,93.11,women,shorts,maroon,M,2025-09-02
SKU00182,Men intimate - underwear - olive - XL,intimates,9.84,64.76,men,underwear,olive,XL,2025-07-23
SKU00183,Men bottom - joggers - heather_gray - S,bottoms,28.59,122.14,men,joggers,heather_gray,S,2025-09-30
SKU00184,Women intimate - underwear - blush - M,intimates,12.91,86.46,women,underwear,blush,M,2025-08-20
SKU00185,Unisex bottom - leggings - heather_gray - XL,bottoms,35.43,84.48,unisex,leggings,heather_gray,XL,2025-09-15
SKU00186,Unisex top - tank - cobalt - L,tops,14.9,57.47,unisex,tank,cobalt,L,2025-09-13
SKU00187,Kids top - crewneck - maroon - 6,tops,8.52,38.42,kids,crewneck,maroon,6,2025-09-24
SKU00188,Unisex bottom - leggings - sand - XXL,bottoms,33.85,100.81,unisex,leggings,sand,XXL,2025-09-09
SKU00189,Unisex intimate - bralette - cobalt - M,intimates,21.26,35.7,unisex,bralette,cobalt,M,2025-09-16
SKU00190,Kids top - crewneck - maroon - 7,tops,26.81,99.97,kids,crewneck,maroon,7,2025-10-05
SKU00191,Women bottom - pants - blush - XL,bottoms,11.47,112.76,women,pants,blush,XL,2025-09-06
SKU00192,Men bottom - shorts - cobalt - M,bottoms,34.57,97.5,men,shorts,cobalt,M,2025-08-22
SKU00193,Men accessorie - socks - olive - OS,accessories,6.57,16.56,men,socks,olive,OS,2025-09-02
SKU00194,Unisex bottom - shorts - olive - XS,bottoms,20.9,45.16,unisex,shorts,olive,XS,2025-07-28
SKU00195,Women bottom - joggers - sage - XL,bottoms,20.0,40.19,women,joggers,sage,XL,2025-07-31
SKU00196,Women accessorie - socks - white - OS,accessories,5.1,10.36,women,socks,white,OS,2025-07-25
SKU00197,Women loungewear - sweatshirt - charcoal - L,loungewear,29.52,100.93,women,sweatshirt,charcoal,L,2025-09-15
SKU00198,Kids loungewear - robe - white - L,loungewear,36.11,119.52,kids,robe,white,L,2025-08-18
SKU00199,Women loungewear - robe - sand - M,loungewear,33.49,156.8,women,robe,sand,M,2025-08-06
SKU00200,Women top - tee - maroon - M,tops,14.24,43.29,women,tee,maroon,M,2025-08-28
SKU00201,Unisex bottom - joggers - sage - M,bottoms,15.49,107.09,unisex,joggers,sage,M,2025-08-12
SKU00202,Men accessorie - cap - white - OS,accessories,19.43,57.15,men,cap,white,OS,2025-09-19
SKU00203,Men top - crop - sage - XL,tops,22.0,108.0,men,crop,sage,XL,2025-08-09
SKU00204,Women top - tank - sand - M,tops,19.62,95.91,women,tank,sand,M,2025-08-05
SKU00205,Men bottom - shorts - blush - S,bottoms,21.15,81.5,men,shorts,blush,S,2025-07-29
SKU00206,Men top - tee - sand - XL,tops,37.92,99.08,men,tee,sand,XL,2025-09-28
SKU00207,Women bottom - leggings - black - XS,bottoms,15.26,38.17,women,leggings,black,XS,2025-08-19
SKU00208,Women accessorie - headband - sage - OS,accessories,10.26,24.56,women,headband,sage,OS,2025-09-08
SKU00209,Men bottom - pants - olive - XXL,bottoms,23.57,78.04,men,pants,olive,XXL,2025-10-02
SKU00210,Unisex loungewear - sweatshirt - maroon - XL,loungewear,32.05,64.52,unisex,sweatshirt,maroon,XL,2025-08-03
SKU00211,Men intimate - shapewear - cobalt - M,intimates,31.11,64.03,men,shapewear,cobalt,M,2025-09-28
SKU00212,Kids top - crewneck - navy - 3T,tops,7.85,19.93,kids,crewneck,navy,3T,2025-07-20
SKU00213,Women bottom - pants - heather_gray - XS,bottoms,38.96,83.2,women,pants,heather_gray,XS,2025-08-16
SKU00214,Men bottom - joggers - cobalt - XL,bottoms,25.35,62.39,men,joggers,cobalt,XL,2025-07-21
SKU00215,Men loungewear - set - navy - M,loungewear,25.82,66.27,men,set,navy,M,2025-09-08
SKU00216,Kids loungewear - set - maroon - M,loungewear,43.71,75.34,kids,set,maroon,M,2025-09-11
SKU00217,Women loungewear - set - sand - L,loungewear,28.85,154.1,women,set,sand,L,2025-09-10
SKU00218,Unisex top - hoodie - olive - XXL,tops,34.15,94.23,unisex,hoodie,olive,XXL,2025-09-12
SKU00219,Unisex loungewear - lounge_pants - sage - XS,loungewear,14.94,126.32,unisex,lounge_pants,sage,XS,2025-08-10
SKU00220,Women top - tee - sand - L,tops,30.1,91.17,women,tee,sand,L,2025-10-16
SKU00221,Unisex seasonal - collab_top - charcoal - L,seasonal,55.58,189.28,unisex,collab_top,charcoal,L,2025-09-21
SKU00222,Kids bottom - shorts - white - 2T,bottoms,36.59,98.97,kids,shorts,white,2T,2025-10-12
SKU00223,Unisex top - tank - blush - XS,tops,31.47,98.37,unisex,tank,blush,XS,2025-09-09
SKU00224,Unisex top - crewneck - white - XL,tops,21.45,112.7,unisex,crewneck,white,XL,2025-07-26
SKU00225,Men bottom - joggers - maroon - XXL,bottoms,23.54,54.19,men,joggers,maroon,XXL,2025-08-19
SKU00226,Men loungewear - sweatshirt - olive - L,loungewear,22.18,103.81,men,sweatshirt,olive,L,2025-07-27
SKU00227,Unisex intimate - underwear - blush - XS,intimates,12.5,66.85,unisex,underwear,blush,XS,2025-09-05
SKU00228,Unisex top - hoodie - maroon - S,tops,16.27,94.88,unisex,hoodie,maroon,S,2025-08-04
SKU00229,Women loungewear - lounge_pants - charcoal - XS,loungewear,17.79,45.37,women,lounge_pants,charcoal,XS,2025-08-13
SKU00230,Unisex accessorie - bag - charcoal - OS,accessories,13.45,55.64,unisex,bag,charcoal,OS,2025-09-18
SKU00231,Unisex bottom - pants - sage - XXL,bottoms,33.74,66.09,unisex,pants,sage,XXL,2025-08-09
SKU00232,Kids intimate - bralette - cobalt - XS,intimates,10.5,51.27,kids,bralette,cobalt,XS,2025-08-05
SKU00233,Women intimate - bralette - cobalt - XL,intimates,12.15,30.49,women,bralette,cobalt,XL,2025-10-02
SKU00234,Men loungewear - set - cobalt - S,loungewear,19.65,87.91,men,set,cobalt,S,2025-08-24
SKU00235,Men top - hoodie - black - L,tops,31.36,58.39,men,hoodie,black,L,2025-08-03
SKU00236,Women bottom - leggings - black - XL,bottoms,42.42,132.28,women,leggings,black,XL,2025-10-12
SKU00237,Women top - tank - sand - L,tops,35.57,119.27,women,tank,sand,L,2025-08-29
SKU00238,Women loungewear - lounge_pants - white - M,loungewear,24.53,53.2,women,lounge_pants,white,M,2025-09-18
SKU00239,Kids intimate - underwear - charcoal - L,intimates,20.14,70.34,kids,underwear,charcoal,L,2025-09-17
SKU00240,Women bottom - shorts - white - S,bottoms,12.85,25.8,women,shorts,white,S,2025-10-14
SKU00241,Women top - crewneck - maroon - XS,tops,7.65,78.97,women,crewneck,maroon,XS,2025-10-11
SKU00242,Men top - tank - heather_gray - S,tops,26.84,69.4,men,tank,heather_gray,S,2025-08-04
SKU00243,Women loungewear - robe - olive - S,loungewear,42.23,143.91,women,robe,olive,S,2025-08-25
SKU00244,Women top - crewneck - charcoal - S,tops,7.59,87.23,women,crewneck,charcoal,S,2025-09-02
SKU00245,Unisex loungewear - robe - blush - XXL,loungewear,22.66,83.07,unisex,robe,blush,XXL,2025-08-09
SKU00246,Men intimate - underwear - maroon - M,intimates,38.97,84.03,men,underwear,maroon,M,2025-08-06
SKU00247,Men bottom - shorts - sand - M,bottoms,47.82,98.31,men,shorts,sand,M,2025-10-05
SKU00248,Men intimate - bra - blush - L,intimates,32.3,67.16,men,bra,blush,L,2025-09-22
SKU00249,Kids loungewear - lounge_pants - navy - L,loungewear,57.2,143.03,kids,lounge_pants,navy,L,2025-10-15
SKU00250,Women top - tee - navy - L,tops,19.49,88.95,women,tee,navy,L,2025-09-16
SKU00251,Men intimate - shapewear - cobalt - XL,intimates,19.51,65.41,men,shapewear,cobalt,XL,2025-08-14
SKU00252,Men intimate - shapewear - navy - L,intimates,19.49,45.95,men,shapewear,navy,L,2025-09-18
SKU00253,Kids top - crewneck - olive - 8,tops,13.39,33.55,kids,crewneck,olive,8,2025-09-15
SKU00254,Men loungewear - robe - maroon - L,loungewear,40.45,155.65,men,robe,maroon,L,2025-09-25
SKU00255,Kids bottom - joggers - maroon - 12,bottoms,24.78,43.72,kids,joggers,maroon,12,2025-10-09
SKU00256,Men intimate - bra - black - S,intimates,15.41,48.87,men,bra,black,S,2025-07-18
SKU00257,Women top - hoodie - black - M,tops,26.96,81.02,women,hoodie,black,M,2025-08-16
SKU00258,Men top - crewneck - blush - XXL,tops,8.81,19.21,men,crewneck,blush,XXL,2025-09-10
SKU00259,Women intimate - shapewear - white - S,intimates,15.71,84.26,women,shapewear,white,S,2025-07-29
SKU00260,Men intimate - underwear - white - XL,intimates,19.45,46.11,men,underwear,white,XL,2025-07-19
SKU00261,Women loungewear - sweatshirt - white - XS,loungewear,34.16,82.69,women,sweatshirt,white,XS,2025-07-27
SKU00262,Women top - hoodie - charcoal - L,tops,35.17,98.01,women,hoodie,charcoal,L,2025-10-04
SKU00263,Unisex accessorie - headband - sage - OS,accessories,4.26,32.73,unisex,headband,sage,OS,2025-09-11
SKU00264,Unisex loungewear - sweatshirt - sand - S,loungewear,11.6,32.04,unisex,sweatshirt,sand,S,2025-08-27
SKU00265,Unisex bottom - joggers - blush - XL,bottoms,26.04,101.89,unisex,joggers,blush,XL,2025-09-29
SKU00266,Kids loungewear - sweatshirt - black - M,loungewear,15.78,42.7,kids,sweatshirt,black,M,2025-07-31
SKU00267,Kids seasonal - collab_bottom - black - M,seasonal,53.3,139.63,kids,collab_bottom,black,M,2025-09-17
SKU00268,Women seasonal - collab_bottom - charcoal - S,seasonal,54.51,131.67,women,collab_bottom,charcoal,S,2025-09-09
SKU00269,Kids loungewear - sweatshirt - heather_gray - M,loungewear,20.95,79.4,kids,sweatshirt,heather_gray,M,2025-08-28
SKU00270,Women top - tee - maroon - M,tops,10.51,54.71,women,tee,maroon,M,2025-09-23
SKU00271,Men loungewear - set - black - S,loungewear,19.42,41.65,men,set,black,S,2025-09-05
SKU00272,Unisex top - hoodie - white - L,tops,39.75,91.93,unisex,hoodie,white,L,2025-09-15
SKU00273,Men top - hoodie - heather_gray - M,tops,10.96,45.43,men,hoodie,heather_gray,M,2025-09-25
SKU00274,Men bottom - pants - sand - S,bottoms,19.33,51.7,men,pants,sand,S,2025-08-01
SKU00275,Men bottom - joggers - black - L,bottoms,37.15,133.96,men,joggers,black,L,2025-09-04
SKU00276,Men bottom - joggers - sand - L,bottoms,30.51,93.18,men,joggers,sand,L,2025-09-24
SKU00277,Unisex seasonal - collab_bottom - charcoal - XXL,seasonal,35.61,116.02,unisex,collab_bottom,charcoal,XXL,2025-08-29
SKU00278,Women intimate - underwear - sage - XS,intimates,13.76,33.99,women,underwear,sage,XS,2025-08-07
SKU00279,Women intimate - bralette - olive - L,intimates,25.08,78.19,women,bralette,olive,L,2025-08-25
SKU00280,Men top - crop - olive - M,tops,32.83,85.18,men,crop,olive,M,2025-10-07
SKU00281,Men loungewear - set - cobalt - XXL,loungewear,36.26,150.05,men,set,cobalt,XXL,2025-10-12
SKU00282,Kids bottom - leggings - navy - 3T,bottoms,38.41,99.6,kids,leggings,navy,3T,2025-10-11
SKU00283,Men loungewear - set - blush - L,loungewear,14.43,43.77,men,set,blush,L,2025-08-11
SKU00284,Men loungewear - lounge_pants - sand - XL,loungewear,42.99,80.85,men,lounge_pants,sand,XL,2025-08-13
SKU00285,Women seasonal - collab_bottom - olive - XS,seasonal,24.87,103.64,women,collab_bottom,olive,XS,2025-09-28
SKU00286,Women bottom - joggers - maroon - XL,bottoms,20.78,63.1,women,joggers,maroon,XL,2025-08-20
SKU00287,Women bottom - leggings - sand - XS,bottoms,15.72,98.46,women,leggings,sand,XS,2025-09-15
SKU00288,Men loungewear - robe - blush - XXL,loungewear,35.49,154.6,men,robe,blush,XXL,2025-09-23
SKU00289,Women loungewear - set - sage - XS,loungewear,36.91,144.8,women,set,sage,XS,2025-10-16
SKU00290,Kids top - tee - cobalt - 3T,tops,14.75,37.07,kids,tee,cobalt,3T,2025-09-13
SKU00291,Men bottom - shorts - blush - XXL,bottoms,24.35,94.13,men,shorts,blush,XXL,2025-08-19
SKU00292,Men intimate - underwear - charcoal - S,intimates,9.85,29.38,men,underwear,charcoal,S,2025-09-23
SKU00293,Women top - hoodie - sage - L,tops,12.32,32.06,women,hoodie,sage,L,2025-07-27
SKU00294,Men accessorie - headband - maroon - OS,accessories,8.2,23.02,men,headband,maroon,OS,2025-07-29
SKU00295,Women bottom - leggings - heather_gray - L,bottoms,18.7,45.03,women,leggings,heather_gray,L,2025-07-25
SKU00296,Men loungewear - set - maroon - XL,loungewear,24.3,51.74,men,set,maroon,XL,2025-09-18
SKU00297,Women top - crewneck - heather_gray - M,tops,32.27,97.64,women,crewneck,heather_gray,M,2025-08-14
SKU00298,Men top - tee - cobalt - L,tops,33.97,101.97,men,tee,cobalt,L,2025-10-11
SKU00299,Kids bottom - joggers - white - 8,bottoms,19.63,108.85,kids,joggers,white,8,2025-10-12
SKU00300,Men bottom - leggings - white - XL,bottoms,42.13,113.52,men,leggings,white,XL,2025-08-02
SKU00301,Men accessorie - cap - sage - OS,accessories,5.52,15.24,men,cap,sage,OS,2025-10-09
SKU00302,Men bottom - joggers - olive - L,bottoms,21.34,56.14,men,joggers,olive,L,2025-07-22
SKU00303,Kids top - hoodie - olive - 2T,tops,35.45,106.44,kids,hoodie,olive,2T,2025-09-15
SKU00304,Women bottom - joggers - maroon - L,bottoms,18.99,38.78,women,joggers,maroon,L,2025-08-29
SKU00305,Men loungewear - sweatshirt - cobalt - XL,loungewear,62.88,127.47,men,sweatshirt,cobalt,XL,2025-08-19
SKU00306,Unisex bottom - leggings - white - XXL,bottoms,39.21,108.25,unisex,leggings,white,XXL,2025-09-01
SKU00307,Unisex intimate - shapewear - blush - S,intimates,18.33,77.74,unisex,shapewear,blush,S,2025-09-10
SKU00308,Women loungewear - set - charcoal - M,loungewear,40.51,129.09,women,set,charcoal,M,2025-08-19
SKU00309,Women accessorie - headband - maroon - OS,accessories,4.72,8.04,women,headband,maroon,OS,2025-07-20
SKU00310,Unisex accessorie - bag - olive - OS,accessories,4.4,12.85,unisex,bag,olive,OS,2025-07-23
SKU00311,Unisex top - hoodie - olive - XXL,tops,20.59,92.05,unisex,hoodie,olive,XXL,2025-10-05
SKU00312,Kids top - hoodie - heather_gray - 3T,tops,21.13,78.56,kids,hoodie,heather_gray,3T,2025-10-15
SKU00313,Men intimate - shapewear - maroon - M,intimates,10.36,24.96,men,shapewear,maroon,M,2025-10-03
SKU00314,Women bottom - shorts - blush - S,bottoms,14.26,113.27,women,shorts,blush,S,2025-07-22
SKU00315,Women bottom - leggings - charcoal - XL,bottoms,16.77,41.37,women,leggings,charcoal,XL,2025-09-27
SKU00316,Unisex loungewear - set - white - S,loungewear,19.14,146.56,unisex,set,white,S,2025-08-28
SKU00317,Women bottom - joggers - olive - S,bottoms,36.25,98.07,women,joggers,olive,S,2025-07-31
SKU00318,Women seasonal - collab_top - navy - M,seasonal,54.54,120.43,women,collab_top,navy,M,2025-09-09
SKU00319,Men intimate - bralette - blush - XL,intimates,12.55,27.89,men,bralette,blush,XL,2025-08-10
SKU00320,Unisex top - crop - heather_gray - M,tops,20.31,57.46,unisex,crop,heather_gray,M,2025-08-08
SKU00321,Men intimate - bra - sage - S,intimates,9.27,24.73,men,bra,sage,S,2025-10-09
SKU00322,Unisex bottom - shorts - cobalt - XXL,bottoms,26.91,112.52,unisex,shorts,cobalt,XXL,2025-07-27
SKU00323,Men loungewear - robe - olive - S,loungewear,23.21,40.27,men,robe,olive,S,2025-09-27
SKU00324,Men bottom - leggings - blush - L,bottoms,10.72,108.14,men,leggings,blush,L,2025-10-05
SKU00325,Unisex top - crewneck - black - XL,tops,25.89,49.55,unisex,crewneck,black,XL,2025-10-01
SKU00326,Women top - tee - maroon - S,tops,32.62,115.21,women,tee,maroon,S,2025-09-13
SKU00327,Women top - crop - black - XS,tops,22.37,52.17,women,crop,black,XS,2025-09-13
SKU00328,Kids loungewear - sweatshirt - maroon - L,loungewear,30.52,96.4,kids,sweatshirt,maroon,L,2025-09-25
SKU00329,Women top - tee - charcoal - XL,tops,23.3,91.72,women,tee,charcoal,XL,2025-10-11
SKU00330,Unisex top - tee - sand - L,tops,19.69,57.06,unisex,tee,sand,L,2025-10-12
SKU00331,Men accessorie - cap - sand - OS,accessories,8.44,20.91,men,cap,sand,OS,2025-10-07
SKU00332,Men top - tee - navy - M,tops,38.44,100.04,men,tee,navy,M,2025-10-08
SKU00333,Unisex accessorie - bag - white - OS,accessories,6.41,36.76,unisex,bag,white,OS,2025-08-05
SKU00334,Kids intimate - bralette - sand - L,intimates,27.52,61.42,kids,bralette,sand,L,2025-09-21
SKU00335,Kids loungewear - lounge_pants - black - S,loungewear,43.41,151.21,kids,lounge_pants,black,S,2025-07-27
SKU00336,Kids accessorie - bag - charcoal - OS,accessories,8.23,27.57,kids,bag,charcoal,OS,2025-09-20
SKU00337,Men top - hoodie - heather_gray - S,tops,29.71,90.59,men,hoodie,heather_gray,S,2025-08-11
SKU00338,Men accessorie - cap - sage - OS,accessories,4.41,12.97,men,cap,sage,OS,2025-10-07
SKU00339,Men top - tank - olive - M,tops,17.6,44.62,men,tank,olive,M,2025-07-19
SKU00340,Kids bottom - pants - navy - 6,bottoms,11.12,30.81,kids,pants,navy,6,2025-08-03
SKU00341,Women top - hoodie - sand - L,tops,27.4,59.46,women,hoodie,sand,L,2025-09-20
SKU00342,Men bottom - leggings - heather_gray - S,bottoms,41.12,117.3,men,leggings,heather_gray,S,2025-07-31
SKU00343,Women intimate - underwear - white - S,intimates,20.68,69.78,women,underwear,white,S,2025-10-10
SKU00344,Men top - tank - blush - S,tops,24.7,105.17,men,tank,blush,S,2025-10-04
SKU00345,Men intimate - bralette - black - S,intimates,12.99,24.32,men,bralette,black,S,2025-09-21
SKU00346,Kids bottom - leggings - white - 6,bottoms,7.85,24.57,kids,leggings,white,6,2025-08-21
SKU00347,Kids top - crop - black - 3T,tops,35.97,114.11,kids,crop,black,3T,2025-08-22
SKU00348,Kids bottom - leggings - charcoal - 8,bottoms,29.39,72.35,kids,leggings,charcoal,8,2025-09-11
SKU00349,Women accessorie - socks - charcoal - OS,accessories,9.89,23.35,women,socks,charcoal,OS,2025-10-09
SKU00350,Women bottom - pants - charcoal - S,bottoms,37.65,126.39,women,pants,charcoal,S,2025-08-08
SKU00351,Kids seasonal - limited_set - maroon - M,seasonal,55.61,124.85,kids,limited_set,maroon,M,2025-08-13
SKU00352,Women top - tee - sage - M,tops,22.94,40.34,women,tee,sage,M,2025-10-09
SKU00353,Kids bottom - shorts - heather_gray - 5,bottoms,16.81,33.82,kids,shorts,heather_gray,5,2025-10-09
SKU00354,Kids seasonal - limited_set - sand - L,seasonal,29.77,189.31,kids,limited_set,sand,L,2025-09-16
SKU00355,Men intimate - underwear - sand - S,intimates,26.02,86.33,men,underwear,sand,S,2025-09-22
SKU00356,Kids intimate - shapewear - heather_gray - M,intimates,15.44,54.33,kids,shapewear,heather_gray,M,2025-09-18
SKU00357,Women bottom - shorts - navy - XL,bottoms,16.34,117.16,women,shorts,navy,XL,2025-09-05
SKU00358,Women top - tank - cobalt - XS,tops,18.7,105.79,women,tank,cobalt,XS,2025-07-24
SKU00359,Men top - crop - heather_gray - L,tops,20.85,117.54,men,crop,heather_gray,L,2025-07-27
SKU00360,Unisex loungewear - lounge_pants - cobalt - XXL,loungewear,57.65,120.16,unisex,lounge_pants,cobalt,XXL,2025-09-18
SKU00361,Men intimate - shapewear - olive - L,intimates,14.99,28.91,men,shapewear,olive,L,2025-08-04
SKU00362,Men seasonal - limited_set - heather_gray - S,seasonal,77.45,134.39,men,limited_set,heather_gray,S,2025-09-18
SKU00363,Men top - hoodie - sand - M,tops,34.92,94.03,men,hoodie,sand,M,2025-09-25
SKU00364,Men seasonal - limited_set - maroon - L,seasonal,13.38,36.88,men,limited_set,maroon,L,2025-09-02
SKU00365,Women top - tee - blush - XS,tops,11.66,62.7,women,tee,blush,XS,2025-08-25
SKU00366,Men bottom - pants - maroon - S,bottoms,43.64,115.07,men,pants,maroon,S,2025-09-18
SKU00367,Women top - tee - black - M,tops,8.52,50.51,women,tee,black,M,2025-09-25
SKU00368,Unisex top - tee - white - XL,tops,31.25,52.47,unisex,tee,white,XL,2025-07-18
SKU00369,Women seasonal - collab_top - blush - XL,seasonal,20.13,60.92,women,collab_top,blush,XL,2025-09-22
SKU00370,Men loungewear - robe - olive - L,loungewear,19.17,60.88,men,robe,olive,L,2025-08-15
SKU00371,Women bottom - pants - olive - XS,bottoms,30.58,119.22,women,pants,olive,XS,2025-10-04
SKU00372,Women top - crop - maroon - XS,tops,19.51,104.06,women,crop,maroon,XS,2025-08-15
SKU00373,Unisex top - crewneck - heather_gray - L,tops,12.34,55.84,unisex,crewneck,heather_gray,L,2025-10-11
SKU00374,Women bottom - joggers - sage - M,bottoms,15.39,29.27,women,joggers,sage,M,2025-10-06
SKU00375,Men intimate - shapewear - cobalt - M,intimates,10.1,24.27,men,shapewear,cobalt,M,2025-08-09
SKU00376,Men accessorie - headband - olive - OS,accessories,6.91,12.11,men,headband,olive,OS,2025-08-13
SKU00377,Men bottom - joggers - maroon - S,bottoms,25.24,42.4,men,joggers,maroon,S,2025-09-22
SKU00378,Women bottom - pants - charcoal - S,bottoms,18.88,39.45,women,pants,charcoal,S,2025-10-08
SKU00379,Women loungewear - robe - cobalt - M,loungewear,50.34,89.56,women,robe,cobalt,M,2025-07-29
SKU00380,Men intimate - bra - heather_gray - XL,intimates,14.47,30.37,men,bra,heather_gray,XL,2025-10-04
